<?xml version="1.0" encoding="utf-8"?><App xmlns="http://schemas.microsoft.com/sharepoint/2012/app/manifest" Name="event-cal-client-side-solution" ProductID="63ed8ecb-06d1-4e36-b0ad-90e17405eacf" SharePointMinVersion="16.0.0.0" IsClientSideSolution="true" Version="1.0.0.0" SkipFeatureDeployment="true" IsDomainIsolated="false"><Properties><Title>event-cal-client-side-solution</Title><DeveloperProperties>{&quot;name&quot;:&quot;&quot;,&quot;websiteUrl&quot;:&quot;&quot;,&quot;privacyUrl&quot;:&quot;&quot;,&quot;termsOfUseUrl&quot;:&quot;&quot;,&quot;mpnId&quot;:&quot;Undefined-1.20.0&quot;}</DeveloperProperties><ShortDescription><LocalizedString CultureName="default">EventCal description</LocalizedString></ShortDescription><LongDescription><LocalizedString CultureName="default">EventCal description</LocalizedString></LongDescription><Screenshots></Screenshots></Properties></App>