{
  "@microsoft/generator-sharepoint": {
    "plusBeta": false,
    "isCreatingSolution": true,
    "nodeVersion": "18.18.0",
    "sdksVersions": {
      "@microsoft/microsoft-graph-client": "3.0.2",
      "@microsoft/teams-js": "2.24.0"
    },
    "version": "1.20.0",
    "libraryName": "event-cal",
    "libraryId": "63ed8ecb-06d1-4e36-b0ad-90e17405eacf",
    "environment": "spo",
    "packageManager": "npm",
    "solutionName": "EventCal",
    "solutionShortDescription": "EventCal description",
    "skipFeatureDeployment": true,
    "isDomainIsolated": false,
    "componentType": "webpart"
  }
}
