{
  "$schema": "https://developer.microsoft.com/json-schemas/spfx-build/package-solution.schema.json",
  "solution": {
    "name": "event-cal-client-side-solution",
    "id": "63ed8ecb-06d1-4e36-b0ad-90e17405eacf",
    "version": "1.0.0.0",
    "includeClientSideAssets": true,
    "skipFeatureDeployment": true,
    "isDomainIsolated": false,
    "developer": {
      "name": "",
      "websiteUrl": "",
      "privacyUrl": "",
      "termsOfUseUrl": "",
      "mpnId": "Undefined-1.20.0"
    },
    "metadata": {
      "shortDescription": {
        "default": "EventCal description"
      },
      "longDescription": {
        "default": "EventCal description"
      },
      "screenshotPaths": [],
      "videoUrl": "",
      "categories": []
    },
    "features": [
      {
        "title": "event-cal Feature",
        "description": "The feature that activates elements of the event-cal solution.",
        "id": "bac10517-71a4-4928-9eeb-58d355412b57",
        "version": "1.0.0.0"
      }
    ]
  },
  "paths": {
    "zippedPackage": "solution/event-cal.sppkg"
  }
}
